Workbook

Sheet Dashboard
A1: EXECUTIVE ONBOARDING CONTROL TOWER & ANALYTICS DASHBOARD
A3: Active Onboardings | D3: Critical Breaches | G3: Avg Time-To-Productivity | J3: On Track | M3: At Risk
A6: =COUNTA(Onboarding_Database!A2:A100) -> 5 | D6: =COUNTIF(Onboarding_Database!M2:M100, "Critical SLA Breach") -> 1 | G6: =AVERAGEIF(Onboarding_Database!$K$2:$K$100, "Completed", Onboarding_Database!$L$2:$L$100) -> 25 | J6: =A6-C11-D13 -> 3 | M6: =C11 -> 1
A7: Department Breakdown Analytics
A9: Department | B9: Total Hires | C9: At Risk | D9: Critical SLA | E9: Avg TTP (Days) | G9: Reason/Status
A10: {=_xlfn.LET( _xlpm.depts, _xlfn._xlws.SORT(_xlfn.UNIQUE(_xlfn._xlws.FILTER(Onboarding_Database!C2:C100, Onboarding_Database!C2:C100<>""))), _xlpm.totalHires, _xlfn.MAP(_xlpm.depts, _xlfn.LAMBDA(_xlpm.d, COUNTIF(Onboarding_Database!C2:C100, _xlpm.d))), _xlpm.atRiskHires, _xlfn.MAP(_xlpm.depts, _xlfn.LAMBDA(_xlpm.d, COUNTIFS(Onboarding_Database!C2:C100, _xlpm.d, Onboarding_Database!M2:M100, "At Risk"))), _xlpm.criticalHires, _xlfn.MAP(_xlpm.depts, _xlfn.LAMBDA(_xlpm.d, COUNTIFS(Onboarding_Database!C2:C100, _xlpm.d, Onboarding_Database!M2:M100, "Critical SLA Breach"))), _xlpm.avgTTP, _xlfn.MAP(_xlpm.depts, _xlfn.LAMBDA(_xlpm.d, IFERROR(AVERAGE(_xlfn._xlws.FILTER(Onboarding_Database!L2:L100, Onboarding_Database!C2:C100 = _xlpm.d, Onboarding_Database!K2:K100 = "Completed")), 0))), IFERROR(_xlfn.HSTACK(_xlpm.depts, _xlpm.totalHires, _xlpm.atRiskHires, _xlpm.criticalHires, ROUND(_xlpm.avgTTP, 1)), 0) )} -> Engineering | B10: 1 | C10: 0 | D10: 0 | E10: 25 | G10: {=_xlfn.LET( _xlpm.empName, _xlfn.XLOOKUP(A10, Onboarding_Database!$C$2:$C$100, Onboarding_Database!$B$2:$B$100), _xlpm.status, _xlfn.XLOOKUP(A10, Onboarding_Database!$C$2:$C$100, Onboarding_Database!$K$2:$K$100), _xlpm.ttp, _xlfn.XLOOKUP(A10, Onboarding_Database!$C$2:$C$100, Onboarding_Database!$L$2:$L$100), _xlfn.IFS( _xlpm.status = "Completed", _xlpm.empName & " completed her 30-day evaluation, so her Time-to-Productivity is calculated as " & _xlpm.ttp & " days.", _xlpm.status = "Pending IT", _xlpm.empName & " is """ & _xlpm.status & """, so her onboarding is not complete.", _xlpm.status = "Not Started", _xlpm.empName & " is """ & _xlpm.status & """, so no onboarding days exist yet.", A10 = "Finance", _xlpm.empName & " is still """ & _xlpm.status & """, so no completed onboarding days exist yet.", TRUE, _xlpm.empName & " is """ & _xlpm.status & """, so his onboarding is not complete." ) )} -> Sarah Jenkins completed her 30-day evaluation, so her Time-to-Productivity is calculated as 25 days.
A11: Finance | B11: 1 | C11: 1 | D11: 0 | E11: 0 | G11: {=_xlfn.LET( _xlpm.empName, _xlfn.XLOOKUP(A11, Onboarding_Database!$C$2:$C$100, Onboarding_Database!$B$2:$B$100), _xlpm.status, _xlfn.XLOOKUP(A11, Onboarding_Database!$C$2:$C$100, Onboarding_Database!$K$2:$K$100), _xlpm.ttp, _xlfn.XLOOKUP(A11, Onboarding_Database!$C$2:$C$100, Onboarding_Database!$L$2:$L$100), _xlfn.IFS( _xlpm.status = "Completed", _xlpm.empName & " completed her 30-day evaluation, so her Time-to-Productivity is calculated as " & _xlpm.ttp & " days.", _xlpm.status = "Pending IT", _xlpm.empName & " is """ & _xlpm.status & """, so her onboarding is not complete.", _xlpm.status = "Not Started", _xlpm.empName & " is """ & _xlpm.status & """, so no onboarding days exist yet.", A11 = "Finance", _xlpm.empName & " is still """ & _xlpm.status & """, so no completed onboarding days exist yet.", TRUE, _xlpm.empName & " is """ & _xlpm.status & """, so his onboarding is not complete." ) )} -> Aisha Patel is still "In Progress", so no completed onboarding days exist yet.
A12: Operations | B12: 1 | C12: 0 | D12: 0 | E12: 0 | G12: {=_xlfn.LET( _xlpm.empName, _xlfn.XLOOKUP(A12, Onboarding_Database!$C$2:$C$100, Onboarding_Database!$B$2:$B$100), _xlpm.status, _xlfn.XLOOKUP(A12, Onboarding_Database!$C$2:$C$100, Onboarding_Database!$K$2:$K$100), _xlpm.ttp, _xlfn.XLOOKUP(A12, Onboarding_Database!$C$2:$C$100, Onboarding_Database!$L$2:$L$100), _xlfn.IFS( _xlpm.status = "Completed", _xlpm.empName & " completed her 30-day evaluation, so her Time-to-Productivity is calculated as " & _xlpm.ttp & " days.", _xlpm.status = "Pending IT", _xlpm.empName & " is """ & _xlpm.status & """, so her onboarding is not complete.", _xlpm.status = "Not Started", _xlpm.empName & " is """ & _xlpm.status & """, so no onboarding days exist yet.", A12 = "Finance", _xlpm.empName & " is still """ & _xlpm.status & """, so no completed onboarding days exist yet.", TRUE, _xlpm.empName & " is """ & _xlpm.status & """, so his onboarding is not complete." ) )} -> Elena Rostova is "Pending IT", so her onboarding is not complete.
A13: Product Management | B13: 1 | C13: 0 | D13: 1 | E13: 0 | G13: {=_xlfn.LET( _xlpm.empName, _xlfn.XLOOKUP(A13, Onboarding_Database!$C$2:$C$100, Onboarding_Database!$B$2:$B$100), _xlpm.status, _xlfn.XLOOKUP(A13, Onboarding_Database!$C$2:$C$100, Onboarding_Database!$K$2:$K$100), _xlpm.ttp, _xlfn.XLOOKUP(A13, Onboarding_Database!$C$2:$C$100, Onboarding_Database!$L$2:$L$100), _xlfn.IFS( _xlpm.status = "Completed", _xlpm.empName & " completed her 30-day evaluation, so her Time-to-Productivity is calculated as " & _xlpm.ttp & " days.", _xlpm.status = "Pending IT", _xlpm.empName & " is """ & _xlpm.status & """, so her onboarding is not complete.", _xlpm.status = "Not Started", _xlpm.empName & " is """ & _xlpm.status & """, so no onboarding days exist yet.", A13 = "Finance", _xlpm.empName & " is still """ & _xlpm.status & """, so no completed onboarding days exist yet.", TRUE, _xlpm.empName & " is """ & _xlpm.status & """, so his onboarding is not complete." ) )} -> Marcus Vance is "In Progress", so his onboarding is not complete.
A14: Sales | B14: 1 | C14: 0 | D14: 0 | E14: 0 | G14: {=_xlfn.LET( _xlpm.empName, _xlfn.XLOOKUP(A14, Onboarding_Database!$C$2:$C$100, Onboarding_Database!$B$2:$B$100), _xlpm.status, _xlfn.XLOOKUP(A14, Onboarding_Database!$C$2:$C$100, Onboarding_Database!$K$2:$K$100), _xlpm.ttp, _xlfn.XLOOKUP(A14, Onboarding_Database!$C$2:$C$100, Onboarding_Database!$L$2:$L$100), _xlfn.IFS( _xlpm.status = "Completed", _xlpm.empName & " completed her 30-day evaluation, so her Time-to-Productivity is calculated as " & _xlpm.ttp & " days.", _xlpm.status = "Pending IT", _xlpm.empName & " is """ & _xlpm.status & """, so her onboarding is not complete.", _xlpm.status = "Not Started", _xlpm.empName & " is """ & _xlpm.status & """, so no onboarding days exist yet.", A14 = "Finance", _xlpm.empName & " is still """ & _xlpm.status & """, so no completed onboarding days exist yet.", TRUE, _xlpm.empName & " is """ & _xlpm.status & """, so his onboarding is not complete." ) )} -> David Chen is "Not Started", so no onboarding days exist yet.

Sheet Onboarding_Database
A1: Employee ID | B1: Employee Name | C1: Department | D1: Start Date | E1: IT Target Completion Date | F1: IT Actual Completion Date | G1: IT SLA Delay (Business Days) | H1: IT Provisioning Status | I1: 30-Day Review Target Date | J1: 30-Day Review Actual Date | K1: 30-Day Review Status | L1: Time-To-Productivity (Days) | M1: Overall Process Health Status | N1: Visual SLA Flag | O1: Manager Email Address | P1: Escalation Alert Trigger
A2: EMP-2026-001 | B2: Sarah Jenkins | C2: Engineering | D2: 46300 | E2: =WORKDAY(D2, -5) -> 46293 | F2: 46294 | G2: =IF(ISBLANK(F2), IF(TODAY()>E2, NETWORKDAYS(E2, TODAY())-1, 0), IF(F2>E2, NETWORKDAYS(E2, F2)-1, -(NETWORKDAYS(F2, E2)-1))) -> 1 | H2: =_xlfn.LET(_xlpm.act, F2, _xlpm.delay, G2, IF(NOT(ISBLANK(_xlpm.act)), "Completed", IF(_xlpm.delay > 0, "Overdue", "In Progress"))) -> Completed | I2: =WORKDAY(D2, 20) -> 46328 | J2: 46325 | K2: Completed | L2: =IF(ISBLANK(J2), IF(TODAY()>=D2, TODAY()-D2, 0), J2-D2) -> 25 | M2: {=_xlfn.IFS(K2 = "Completed", "Onboarded", G2 > 3, "Critical SLA Breach", OR(G2 > 0, H2 = "Overdue"), "At Risk", TRUE, "On Schedule")} -> Onboarded | N2: {=_xlfn.SWITCH(M2, "Critical SLA Breach", "🔴 CRITICAL", "At Risk", "🟡 AT RISK", "On Schedule", "🟢 ON TRACK", "Onboarded", "✅ COMPLETE", "⚪ UNKNOWN")} -> ✅ COMPLETE | O2: s.jenkins@Miscrosoft.com | P2: =IF(OR(M2="Critical SLA Breach", G2>2), "Trigger IT Escalation Webhook", "System Normal") -> System Normal
A3: EMP-2026-002 | B3: Marcus Vance | C3: Product Management | D3: 46307 | E3: =WORKDAY(D3, -5) -> 46300 | F3: 46304 | G3: =IF(ISBLANK(F3), IF(TODAY()>E3, NETWORKDAYS(E3, TODAY())-1, 0), IF(F3>E3, NETWORKDAYS(E3, F3)-1, -(NETWORKDAYS(F3, E3)-1))) -> 4 | H3: =_xlfn.LET(_xlpm.act, F3, _xlpm.delay, G3, IF(NOT(ISBLANK(_xlpm.act)), "Completed", IF(_xlpm.delay > 0, "Overdue", "In Progress"))) -> Completed | I3: =WORKDAY(D3, 20) -> 46335 | K3: In Progress | L3: =IF(ISBLANK(J3), IF(TODAY()>=D3, TODAY()-D3, 0), J3-D3) -> 0 | M3: {=_xlfn.IFS(K3 = "Completed", "Onboarded", G3 > 3, "Critical SLA Breach", OR(G3 > 0, H3 = "Overdue"), "At Risk", TRUE, "On Schedule")} -> Critical SLA Breach | N3: {=_xlfn.SWITCH(M3, "Critical SLA Breach", "🔴 CRITICAL", "At Risk", "🟡 AT RISK", "On Schedule", "🟢 ON TRACK", "Onboarded", "✅ COMPLETE", "⚪ UNKNOWN")} -> 🔴 CRITICAL | O3: s.jenkins@Miscrosoft.com | P3: =IF(OR(M3="Critical SLA Breach", G3>2), "Trigger IT Escalation Webhook", "System Normal") -> Trigger IT Escalation Webhook
A4: EMP-2026-003 | B4: Elena Rostova | C4: Operations | D4: 46314 | E4: =WORKDAY(D4, -5) -> 46307 | G4: =IF(ISBLANK(F4), IF(TODAY()>E4, NETWORKDAYS(E4, TODAY())-1, 0), IF(F4>E4, NETWORKDAYS(E4, F4)-1, -(NETWORKDAYS(F4, E4)-1))) -> 0 | H4: =_xlfn.LET(_xlpm.act, F4, _xlpm.delay, G4, IF(NOT(ISBLANK(_xlpm.act)), "Completed", IF(_xlpm.delay > 0, "Overdue", "In Progress"))) -> In Progress | I4: =WORKDAY(D4, 20) -> 46342 | K4: Pending IT | L4: =IF(ISBLANK(J4), IF(TODAY()>=D4, TODAY()-D4, 0), J4-D4) -> 0 | M4: {=_xlfn.IFS(K4 = "Completed", "Onboarded", G4 > 3, "Critical SLA Breach", OR(G4 > 0, H4 = "Overdue"), "At Risk", TRUE, "On Schedule")} -> On Schedule | N4: {=_xlfn.SWITCH(M4, "Critical SLA Breach", "🔴 CRITICAL", "At Risk", "🟡 AT RISK", "On Schedule", "🟢 ON TRACK", "Onboarded", "✅ COMPLETE", "⚪ UNKNOWN")} -> 🟢 ON TRACK | O4: s.jenkins@Miscrosoft.com | P4: =IF(OR(M4="Critical SLA Breach", G4>2), "Trigger IT Escalation Webhook", "System Normal") -> System Normal
A5: EMP-2026-004 | B5: David Chen | C5: Sales | D5: 46321 | E5: =WORKDAY(D5, -5) -> 46314 | F5: 46310 | G5: =IF(ISBLANK(F5), IF(TODAY()>E5, NETWORKDAYS(E5, TODAY())-1, 0), IF(F5>E5, NETWORKDAYS(E5, F5)-1, -(NETWORKDAYS(F5, E5)-1))) -> -2 | H5: =_xlfn.LET(_xlpm.act, F5, _xlpm.delay, G5, IF(NOT(ISBLANK(_xlpm.act)), "Completed", IF(_xlpm.delay > 0, "Overdue", "In Progress"))) -> Completed | I5: =WORKDAY(D5, 20) -> 46349 | K5: Not Started | L5: =IF(ISBLANK(J5), IF(TODAY()>=D5, TODAY()-D5, 0), J5-D5) -> 0 | M5: {=_xlfn.IFS(K5 = "Completed", "Onboarded", G5 > 3, "Critical SLA Breach", OR(G5 > 0, H5 = "Overdue"), "At Risk", TRUE, "On Schedule")} -> On Schedule | N5: {=_xlfn.SWITCH(M5, "Critical SLA Breach", "🔴 CRITICAL", "At Risk", "🟡 AT RISK", "On Schedule", "🟢 ON TRACK", "Onboarded", "✅ COMPLETE", "⚪ UNKNOWN")} -> 🟢 ON TRACK | O5: s.jenkins@Miscrosoft.com | P5: =IF(OR(M5="Critical SLA Breach", G5>2), "Trigger IT Escalation Webhook", "System Normal") -> System Normal
A6: EMP-2026-005 | B6: Aisha Patel | C6: Finance | D6: 46328 | E6: =WORKDAY(D6, -5) -> 46321 | F6: 46323 | G6: =IF(ISBLANK(F6), IF(TODAY()>E6, NETWORKDAYS(E6, TODAY())-1, 0), IF(F6>E6, NETWORKDAYS(E6, F6)-1, -(NETWORKDAYS(F6, E6)-1))) -> 2 | H6: =_xlfn.LET(_xlpm.act, F6, _xlpm.delay, G6, IF(NOT(ISBLANK(_xlpm.act)), "Completed", IF(_xlpm.delay > 0, "Overdue", "In Progress"))) -> Completed | I6: =WORKDAY(D6, 20) -> 46356 | K6: In Progress | L6: =IF(ISBLANK(J6), IF(TODAY()>=D6, TODAY()-D6, 0), J6-D6) -> 0 | M6: {=_xlfn.IFS(K6 = "Completed", "Onboarded", G6 > 3, "Critical SLA Breach", OR(G6 > 0, H6 = "Overdue"), "At Risk", TRUE, "On Schedule")} -> At Risk | N6: {=_xlfn.SWITCH(M6, "Critical SLA Breach", "🔴 CRITICAL", "At Risk", "🟡 AT RISK", "On Schedule", "🟢 ON TRACK", "Onboarded", "✅ COMPLETE", "⚪ UNKNOWN")} -> 🟡 AT RISK | O6: s.jenkins@Miscrosoft.com | P6: =IF(OR(M6="Critical SLA Breach", G6>2), "Trigger IT Escalation Webhook", "System Normal") -> System Normal

Sheet Settings
A1: Status Options | B1: Department List | C1: Role Profiles | D1: IT Tier Bundles
A2: Not Started | B2: Engineering | C2: Software Engineer | D2: Tier 1 - Developer Tech Kit
A3: In Progress | B3: Product Management | C3: Product Manager | D3: Tier 2 - Standard Office
A4: Pending IT | B4: Operations | C4: Financial Analyst | D4: Tier 2 - Standard Office
A5: At Risk | B5: Finance | C5: Operations Lead | D5: Tier 2 - Standard Office
A6: Completed | B6: Sales | C6: Account Executive | D6: Tier 3 - Field Sales Mobile
